url,nom,secteur_activite,adresse,code_postal,ville,pays,telephone,site_web
https://www.google.com/maps/place/Boulay-les-Barres/data=!4m7!3m6!1s0x47e4f1526e3add53:0x19b281a49e1c2d3!8m2!3d47.980251!4d1.783252!16s%2Fm%2F03nwfnn!19sChIJU906blLx5EcR08LhSRoomwE?authuser=0&hl=fr&rclk=1,Boulay-les-Barres,,,,,,,
https://www.google.com/maps/place/Aquavabre/data=!4m7!3m6!1s0x12c94205eba64b7d:0x4e33ec41b1ab7fdc!8m2!3d43.4080426!4d6.0747326!16s%2Fg%2F11c0vlhvzb!19sChIJfUum6wVCyRIR3H-rsUHsM04?authuser=0&hl=fr&rclk=1,Aquavabre,Centre aquatique,"
Place Gross-Gérau, 83170 Brignoles, France",,,France,"
+33 4 94 80 88 52",https://www.vert-marine.com/aquavabre/
https://www.google.com/maps/place/Aquashop/data=!4m7!3m6!1s0x12c942744d4c38f7:0xfa29d676682a8f61!8m2!3d43.414755!4d6.069603!16s%2Fg%2F1tl6n9fd!19sChIJ9zhMTXRCyRIRYY8qaHbWKfo?authuser=0&hl=fr&rclk=1,Aquashop,Magasin de matériel pour piscines,"
32 CHEMIN DES ESQUIRAOUX, 83170 Brignoles, France",,,France,"
+33 6 09 45 38 14",http://www.facebook.com/Aquaset-Sarl-837108239738598/?ref=bookmarks
https://www.google.com/maps/place/Nicollier+Group+SA/data=!4m7!3m6!1s0x478ec815d84b24a9:0x86a48ecf0f723901!8m2!3d46.1253814!4d7.0876944!16s%2Fg%2F1tl4byj3!19sChIJqSRL2BXIjkcRATlyD8-OpIY?authuser=0&hl=fr&rclk=1,Nicollier Group SA,Société de construction de piscine,"
Chem. du Rhône 133, 1926 Fully, Suisse",,,France,"
+41 27 747 13 00",https://www.nicollier.ch/
https://www.google.com/maps/place/Aqua2A/data=!4m7!3m6!1s0x12cece60f05e385d:0xf4cc9b2a85316dbd!8m2!3d43.2659858!4d6.5767023!16s%2Fg%2F11cspnhp8w!19sChIJXThe8GDOzhIRvW0xhSqbzPQ?authuser=0&hl=fr&rclk=1,Aqua2A,Service de nettoyage de piscines,"
All. du Grand Port, 83310 Cogolin, France",,,France,"
+33 4 94 45 72 03",https://aqua2a.fr/
https://www.google.com/maps/place/Aqua+Prestige+Saint+Tropez+-+Pisciniste/data=!4m7!3m6!1s0x6d8047615957f8b5:0xdfae094d63a565cf!8m2!3d43.2543102!4d6.5257203!16s%2Fg%2F11mc_060hs!19sChIJtfhXWWFHgG0Rz2WlY00Jrt8?authuser=0&hl=fr&rclk=1,Aqua Prestige Saint Tropez - Pisciniste,Service de nettoyage de piscines,"
Imp. des Anges, 83310 Cogolin, France",,,France,"
+33 6 48 25 18 59",https://www.tiktok.com/@aqua_prestige?_t=ZN-90lmQwnYCdq&_r=1
https://www.google.com/maps/place/K.pbpconstruction83/data=!4m7!3m6!1s0x12cec96f1bb1c7c9:0xb639b787532a7c7b!8m2!3d43.2526882!4d6.532741!16s%2Fg%2F11frp2vkqd!19sChIJycexG2_JzhIRe3wqU4e3ObY?authuser=0&hl=fr&rclk=1,K.pbpconstruction83,Société de construction de piscine,"
55 Rue nationale, 83310 Cogolin, France",,,France,"
+33 6 09 23 12 37",
https://www.google.com/maps/place/AC+Piscine/data=!4m7!3m6!1s0x12cec9b59ce0de9b:0xe58a11ba7fa905ae!8m2!3d43.2510304!4d6.5332727!16s%2Fg%2F11vx0z28dz!19sChIJm97gnLXJzhIRrgWpf7oRiuU?authuser=0&hl=fr&rclk=1,AC Piscine,Service de nettoyage de piscines,"
11 Rue Gambetta, 83310 Cogolin, France",,,France,"
+33 6 95 94 83 67",
https://www.google.com/maps/place/ASENSIO+FABIEN/data=!4m7!3m6!1s0x12cec937fe6bb315:0x9206d376b4a51ef2!8m2!3d43.2495159!4d6.5243004!16s%2Fg%2F11mtjd416w!19sChIJFbNr_jfJzhIR8h6ltHbTBpI?authuser=0&hl=fr&rclk=1,ASENSIO FABIEN,Société de construction de piscine,"
42 Rue des Rouves, 83310 Cogolin, France",,,France,"
+33 6 03 57 43 38",https://www.asensio-piscine.fr/
https://www.google.com/maps/place/Delattre+Distribution+Var/data=!4m7!3m6!1s0x12cec9031d46953d:0xbbc86c4131e1aeca!8m2!3d43.2670357!4d6.5466887!16s%2Fg%2F1tf4zzyb!19sChIJPZVGHQPJzhIRyq7hMUFsyLs?authuser=0&hl=fr&rclk=1,Delattre Distribution Var,Magasin de matériel pour piscines,"
234 avenue du Caucadis Z.I du, 83310 Grimaud, France",,,France,"
+33 4 94 54 77 10",https://www.delattredistribution.com/
https://www.google.com/maps/place/Piscin%E2%80%99Azur/data=!4m7!3m6!1s0x67b09d2993f7340d:0x6aa70cdac5021ce0!8m2!3d43.2551015!4d6.5252938!16s%2Fg%2F11n4fyq80w!19sChIJDTT3kymdsGcR4BwCxdoMp2o?authuser=0&hl=fr&rclk=1,Piscin’Azur,Service de nettoyage de piscines,"
30 Imp. des Anges, 83310 Cogolin, France",,,France,"
+33 7 43 63 50 00",
https://www.google.com/maps/place/PISCINES+SERVICES+Golfe+de+Saint-Tropez/data=!4m7!3m6!1s0x12cec92017010531:0x150ad90ce3037884!8m2!3d43.2577813!4d6.5210215!16s%2Fg%2F11h0w5c5sp!19sChIJMQUBFyDJzhIRhHgD4wzZChU?authuser=0&hl=fr&rclk=1,PISCINES SERVICES Golfe de Saint-Tropez,Piscine,"
43 Rue Condorcet, 83310 Cogolin, France",,,France,"
+33 4 94 52 93 16",https://www.piscinesservices.fr/
https://www.google.com/maps/place/K%C3%B4nig+Piscine/data=!4m7!3m6!1s0x12cec7abfe9372e3:0x3cab0daa08b0d43c!8m2!3d43.2715062!4d6.6396463!16s%2Fg%2F11nj3r3ksz!19sChIJ43KT_qvHzhIRPNSwCKoNqzw?authuser=0&hl=fr&rclk=1,Kônig Piscine,Société de construction de piscine,"
26 Rue François Sibilli, 83990 Saint-Tropez, France",,,France,"
+33 6 05 76 66 91",
https://www.google.com/maps/place/Piscines+de+France+-+Pisciniste+La+Croix+Valmer+%2883%29+-+Construction+de+piscine/data=!4m7!3m6!1s0x12cecf45bd3d55e9:0x54be70aedbb4870e!8m2!3d43.2077243!4d6.5662181!16s%2Fg%2F11f4qllhpx!19sChIJ6VU9vUXPzhIRDoe0265wvlQ?authuser=0&hl=fr&rclk=1,Piscines de France - Pisciniste La Croix Valmer (83) - Construction de piscine,Société de construction de piscine,"
3 Bd de Tahiti, 83420 La Croix-Valmer, France",,,France,"
+33 4 94 54 33 22",http://www.piscines-de-france.fr/
https://www.google.com/maps/place/Objectif+Piscines+Sainte+Maxime/data=!4m7!3m6!1s0x12ceb833da3d9b4f:0xcf5a734b2975c58!8m2!3d43.3275947!4d6.5928961!16s%2Fg%2F11b75fmdnh!19sChIJT5s92jO4zhIRWFyXsjSn9Qw?authuser=0&hl=fr&rclk=1,Objectif Piscines Sainte Maxime,Société de construction de piscine,"
1 avenue des Artisans ZA du, Lot. Haut Camp Ferrat II, 83120 Sainte-Maxime, France",,,France,"
+33 4 94 97 82 07",http://www.objectifpiscines.com/
https://www.google.com/maps/place/Batisseur+du+Golfe/data=!4m7!3m6!1s0x12cece4e0e9a41df:0x6f35227982a67caf!8m2!3d43.2122236!4d6.5694749!16s%2Fg%2F11f53d5lsl!19sChIJ30GaDk7OzhIRr3ymgnkiNW8?authuser=0&hl=fr&rclk=1,Batisseur du Golfe,Maçon,"
299 Boulevard de St Raphaël, 83420 La Croix-Valmer, France",,,France,"
+33 4 89 25 09 32",https://batisseur-du-golfe.fr/
https://www.google.com/maps/place/Salesses+Alain/data=!4m7!3m6!1s0x12cec909a180693d:0x7607ee2a38d67a95!8m2!3d43.2584691!4d6.5197129!16s%2Fg%2F1tfdhs2h!19sChIJPWmAoQnJzhIRlXrWOCruB3Y?authuser=0&hl=fr&rclk=1,Salesses Alain,Société de construction de piscine,"
25 Rue Condorcet, 83310 Cogolin, France",,,France,"
+33 6 86 82 27 07",
https://www.google.com/maps/place/Manoir+de+la+fosse+aux+loups/data=!4m7!3m6!1s0x480ba25590623129:0xbd908ed4dee1f253!8m2!3d49.2543411!4d-1.0225999!16s%2Fg%2F1tm689tt!19sChIJKTFikFWiC0gRU_Lh3tSOkL0?authuser=0&hl=fr&rclk=1,Manoir de la fosse aux loups,Lodge,"
Manoir de la fosse aux loups, 14330 Cartigny-l'Épinay, France",,,France,"
+33 6 64 87 36 04",
https://www.google.com/maps/place/RURAL+MASTER+COHADE/data=!4m7!3m6!1s0x47f6441e92749597:0xc07427339a3d470e!8m2!3d45.3280258!4d3.3672318!16s%2Fg%2F1tt1gkvq!19sChIJl5V0kh5E9kcRDkc9mjMndMA?authuser=0&hl=fr&rclk=1,RURAL MASTER COHADE,Magasin de matériel de motoculture,"
1 Rue des Chauds Basses, 43100 Cohade, France",,,France,"
+33 4 71 74 86 86",http://www.ruralmaster.fr/cohade/
https://www.google.com/maps/place/Aux+jardins+de+Pierrot/data=!4m7!3m6!1s0x623725a6d209d123:0x5b3d9c992a425dd9!8m2!3d45.5002759!4d3.4394408!16s%2Fg%2F11t88b4k4l!19sChIJI9EJ0qYlN2IR2V1CKpmcPVs?authuser=0&hl=fr&rclk=1,Aux jardins de Pierrot,Paysagiste,,,,,"
+33 6 75 56 89 85",https://www.jardins-pierrot.fr/
